id,input_text,output_text,valid_json
0,They were too brown to be real Christians,"{""label"":""sarcastic"",""explanation"":""The claim is sarcastic as it is a derogatory and offensive statement that contradicts the core teachings of Christianity, which emphasize love, acceptance, and unity, regardless of one's race or ethnicity.""}",True
1,At first I thought he jammed it by inserting his finger into the trigger guard behind the finger.,"{""label"":""sarcastic"",""explanation"":""The phrase 'I thought he jammed it' and 'inserting his finger into the trigger guard behind the finger' are unlikely actions that would cause a firearm to jam, suggesting a sarcastic tone.""}",True
2,The Browns don't know shit when it comes to QB's.,"{""label"":""sarcastic"",""explanation"":""The claim is sarcastic as it is a strong, negative statement about a team's ability to manage quarterbacks, which is generally not a common or productive approach to constructive criticism.""}",True
3,Mario didn't play as many games,"{""label"":""sarcastic"",""explanation"":""The claim implies that Mario, a video game character, is playing games in a literal sense, which is not possible. The statement is likely sarcastic, as Mario's gameplay is usually controlled by the player, not the other way around.""}",True
4,DILLIGAS,"{""label"":""sarcastic"",""explanation"":""Claim 'DILLIGAS' is likely sarcastic as it is an acronym for 'Does It Look Like I'm Going Anywhere, Seriously?'""}",True
5,The true threat to America,"{""label"":""sarcastic"",""explanation"":""The phrase 'The true threat to America' is often used in a sarcastic manner to imply that the speaker believes the actual threat is not being addressed, or that the threat is being exaggerated for effect.""}",True
6,"Amazing, there was actually a time when Xbox Live didn't exist.","{""label"":""sarcastic"",""explanation"":""The claim implies a sense of surprise and disbelief, suggesting that the speaker finds it hard to believe that there was a time when Xbox Live didn't exist, which is a common sarcastic trope.""}",True
7,bakabakabakagaijin wrote: Not poop,"{""label"":""sarcastic"",""explanation"":""The repetition of 'bakabakabaka' and the use of 'gaijin' (a derogatory term for foreigner in Japanese) suggest a sarcastic tone, as it is unlikely that the claimant is referring to something other than feces.""}",True
8,everybody wants some,"{""label"":""sarcastic"",""explanation"":""The phrase 'everybody wants some' is often used sarcastically to imply that people are demanding or greedy, rather than literally stating that everyone wants something specific.""}",True
9,"Synical ploy for SF, there must be an election coming up!","{""label"":""sarcastic"",""explanation"":""Claim uses a negative connotation ('synical ploy') and a phrase ('there must be an election coming up!') that is often used sarcastically to suggest the opposite of what is actually intended, implying the speaker does not believe there is a genuine need for an election.""}",True
10,Is there anything he accuses Hillary of that he is not guilty of?,"{""label"":""sarcastic"",""explanation"":""The claim implies a hypocrisy, suggesting that the speaker is accusing Hillary of something they themselves are guilty of. This is a common sarcastic trope where the speaker is implying the opposite of what they are saying.""}",True
11,if you're not even lvl 30 on your main account no you are not ready,"{""label"":""sarcastic"",""explanation"":""The claim implies a high level of achievement (lvl 30 on a main account) is necessary to be considered 'ready', which is often a sarcastic or humorous exaggeration.""}",True
12,because galaxy collapse is a fkin hilarious meme and if you disagree you're obvs wrong,"{""label"":""sarcastic"",""explanation"":""Claim uses informal language, humor, and a dismissive tone, suggesting a sarcastic interpretation of the claim that galaxy collapse is a 'hilarious meme'.""}",True
13,That title belongs to Joe Warren.,"{""label"":""literal"",""explanation"":""The claim states a fact about ownership, which is typically presented in a literal manner.""}",True
14,There will be 1 more overlap between port and essenjection next week too,"{""label"":""sarcastic"",""explanation"":""The claim suggests a repetition of an overlap between two unrelated terms ('port' and 'essenjection'), which is unlikely, implying sarcasm.""}",True
15,Old Warner Brothers Cartoons.,"{""label"":""sarcastic"",""explanation"":""The claim is sarcastic as it implies that the current cartoons are no longer produced by Warner Brothers, which is not the case.""}",True
16,It's a fake according to Aston Martin!,"{""label"":""sarcastic"",""explanation"":""Claim states 'It's a fake' in response to 'Aston Martin', implying the item in question is genuine, thus the statement is sarcastic""}",True
17,Light tank?,"{""label"":""sarcastic"",""explanation"":""The question mark suggests a rhetorical or sarcastic tone, implying that the claim is not a serious inquiry about a light tank but rather a comment on the inappropriateness or absurdity of the situation.""}",True
18,Can confirm they were at the scrimmage.,"{""label"":""sarcastic"",""explanation"":""The use of 'confirm' implies a statement that is not necessarily true or verifiable, suggesting a sarcastic tone.""}",True
19,"Would be an exceedingly easy website to make responsive as well, no real complexities in the design.","{""label"":""sarcastic"",""explanation"":""The claim implies that the website design is simple, which is often not the case, and the ease of making it responsive is exaggerated, suggesting sarcasm.""}",True
20,Rich bastards!,"{""label"":""sarcastic"",""explanation"":""The phrase 'Rich bastards!' is often used in a sarcastic or derisive manner, implying criticism or disdain towards wealthy individuals, rather than a literal statement about their wealth.""}",True
21,I hope she owns that pharmacy in a year or two.,"{""label"":""sarcastic"",""explanation"":""The statement implies a lack of expectation or belief that the person will own the pharmacy in such a short time, suggesting sarcasm.""}",True
22,0/10 missed the widow mine at the end,"{""label"":""sarcastic"",""explanation"":""The claim suggests a complete failure, which is unlikely in a game context, implying sarcasm.""}",True
23,"What, do you want them NOT to work?","{""label"":""sarcastic"",""explanation"":""The claim is sarcastic because the question implies that the speaker expects the listener to want the devices to work, and the use of the word 'What' in a rhetorical manner further supports this interpretation.""}",True
24,"Even though its never revealed he is Gay, he is definitely gay for being a male hairdresser right?","{""label"":""sarcastic"",""explanation"":""The claim suggests that being a male hairdresser is indicative of being gay, which is a stereotype and not a fact, implying sarcasm.""}",True
25,"Thank god this oil will keep flowing for months, allowing them ample time to update said technologies.","{""label"":""sarcastic"",""explanation"":""The statement expresses a sarcastic tone due to the use of 'Thank god', which is typically used to express relief or gratitude, but in this context, it implies the opposite sentiment. Additionally, the phrase 'allowing them ample time to update said technologies' suggests a delay or lack of progress in updating technologies, which is ironic given the positive phrasing of the claim.""}",True
26,"Way to focus on the issues, gentleman.","{""label"":""sarcastic"",""explanation"":""The phrase 'Way to focus on the issues, gentleman.' is often used sarcastically to imply that someone is not focusing on the issues at all, but rather avoiding them or not taking them seriously.""}",True
27,The only solution is for citizens to give up their only defense and trust the government will keep us safe.,"{""label"":""sarcastic"",""explanation"":""The claim suggests a paradoxical solution, implying a lack of trust in the government's ability to keep citizens safe while simultaneously suggesting giving up their only defense. This is a common sarcastic trope.""}",True
28,"LOL Thanks Rito for that sweet animation that gives me 7 minutes of joy rather than a new champion that would give me 10,000 minutes.","{""label"":""sarcastic"",""explanation"":""Claim expresses sarcasm as it states that a short animation brings more joy than a new champion, implying dissatisfaction with the new champion release""}",True
29,"See, Christians are under attack!","{""label"":""sarcastic"",""explanation"":""The exclamation mark and the use of the phrase 'under attack' in a general context without specifying any concrete instances or threats suggest a sarcastic tone.""}",True
30,"As a Norwegian, I am livid with their absolute humiliation of my people with this blatant example of cultural appropriation.","{""label"":""sarcastic"",""explanation"":""The claim's strong emotional language and the use of the term 'livid' suggests sarcasm, as the claimant is Norwegian and the topic of cultural appropriation is typically associated with cultures other than Norwegian.""}",True
31,"Came to look at the comments, was not disappointed","{""label"":""sarcastic"",""explanation"":""The statement implies a negative expectation or disappointment was expected, but the opposite occurred, suggesting sarcasm.""}",True
32,"a masked group pelted police with stones and shot fireworks at them, the semi-official Anatolia news agency reported What exactly is a 10 year old doing amongst these people?","{""label"":""sarcastic"",""explanation"":""The question seems to imply surprise or disbelief about a 10-year-old being present in a violent situation, suggesting a sarcastic tone.""}",True
33,If you account for inflation it would be worth 23 USD in 2007.,"{""label"":""sarcastic"",""explanation"":""The claim suggests that the value of something increased, which is typically not the case with inflation. The use of 'account for inflation' implies a decrease in value, making the statement sarcastic.""}",True
34,Those two claps lol,"{""label"":""sarcastic"",""explanation"":""The use of 'lol' and the informal phrase 'two claps' suggests a casual, humorous tone, indicating sarcasm.""}",True
35,Shouldn't you use PS4/XB1 for this?,"{""label"":""sarcastic"",""explanation"":""The claim suggests a specific console (PS4/XB1) for a task, which is not typically required for most tasks, implying a sarcastic tone.""}",True
36,what a wonderful user history,"{""label"":""sarcastic"",""explanation"":""The phrase 'wonderful' is often used sarcastically to express the opposite of what is actually meant, and in this context, 'user history' is typically not considered 'wonderful'.""}",True
37,I much prefer seeing pictures that belong on Facebook here instead of really interesting pictures like these.,"{""label"":""sarcastic"",""explanation"":""The claim expresses a preference for uninteresting content over interesting content, which is an ironic statement that suggests the opposite of what is being said is true, indicating sarcasm.""}",True
38,it's in the rusted metal tin on the shelf @1:11,"{""label"":""sarcastic"",""explanation"":""The claim is sarcastic as it suggests a specific, precise location for an item, but the item in question is not typically found in a rusted metal tin on a shelf, especially at a specific time.""}",True
39,"What a bunch of big guys, beating up a defenseless girl huddled on the ground.","{""label"":""sarcastic"",""explanation"":""The claim uses hyperbolic language ('bunch', 'big guys', 'beating up') and a contrast between the size and strength of the subjects ('guys') and the vulnerability of the subject ('defenseless girl huddled on the ground'), which are common elements in sarcasm.""}",True
40,"What, no Nicholas Cage?","{""label"":""sarcastic"",""explanation"":""The statement implies a surprise or disappointment, suggesting a sarcastic tone.""}",True
41,Great car!,"{""label"":""sarcastic"",""explanation"":""Claim is sarcastic as 'Great car!' is often used in a sarcastic manner to express dissatisfaction or surprise in a negative context.""}",True
42,FAKE AND STAGEDDDDDDDDD,"{""label"":""sarcastic"",""explanation"":""The excessive repetition of 'DDDDDDDD' suggests a sarcastic or mocking tone, implying the claim is fake and staged in an exaggerated manner.""}",True
43,As long as the breakfast included bacon it should be considered acceptable.,"{""label"":""sarcastic"",""explanation"":""The claim suggests that the presence of bacon alone makes a breakfast acceptable, which is an unrealistic and humorous expectation.""}",True
44,"Well he showed he can score on Saturday, so I guess it makes sense","{""label"":""sarcastic"",""explanation"":""Claim implies a contradiction between the ability to score and the need for the statement to make sense, suggesting sarcasm.""}",True
45,Can we acknowledge that this was a joke and this was just a silly thing I noticed?,"{""label"":""sarcastic"",""explanation"":""Claimant explicitly states that the statement is a joke, indicating a sarcastic tone.""}",True
46,But I am so sick of watching Harden he just flops and shoots FTs,"{""label"":""sarcastic"",""explanation"":""The claim implies frustration or exaggeration towards James Harden's playing style, suggesting sarcasm.""}",True
47,At least the cop didn't flip out and call in a SWAT team.,"{""label"":""sarcastic"",""explanation"":""The claim is sarcastic because the speaker implies that a less severe response from the cop (not calling in a SWAT team) is a positive outcome, which is not typically the case in such situations.""}",True
48,"If it's actually putting any pressure on your hard drive right there, that's a great way to destroy the hdd.","{""label"":""sarcastic"",""explanation"":""The claim suggests that putting pressure on a hard drive is a 'great way' to destroy it, which is counterintuitive and implies sarcasm.""}",True
49,"Never has a woman become wet when she didn't want to, or for someone she didn't want to","{""label"":""sarcastic"",""explanation"":""Claim is likely sarcastic due to the use of a colloquial and humorous phrase that is often used in a joking context to comment on a common stereotype or trope.""}",True
50,If you take 200 grand from pharmaceutical companies then probably yes.,"{""label"":""sarcastic"",""explanation"":""The claim implies a causal relationship between taking money from pharmaceutical companies and agreeing with a statement, which is an unrealistic and exaggerated assumption, suggesting sarcasm.""}",True
51,"The just can't help it, he does that cool looking intro dance.","{""label"":""sarcastic"",""explanation"":""The use of the term 'cool looking' in this context is likely sarcastic, as the intro dance is not typically associated with being 'cool looking'.""}",True
52,This will confuse a couple people thinking it's a new Mario Party though,"{""label"":""sarcastic"",""explanation"":""The statement implies that the claimant expects some people to be confused, suggesting a level of complexity or unexpectedness that is not typically associated with a new Mario Party game.""}",True
53,God forbid if the NBA wants their owners to conduct their business with some ethical guidelines,"{""label"":""sarcastic"",""explanation"":""The use of 'God forbid' and the sarcastic tone imply a criticism of the NBA owners for not conducting their business ethically, which suggests sarcasm.""}",True
54,"Yes, should give it a good shot in the arm.","{""label"":""sarcastic"",""explanation"":""Claim suggests a literal injection, but the phrase 'give it a good shot' is often used sarcastically to imply something is difficult or unlikely to succeed""}",True
55,"In normal things by you, I'd say ""original"" as sarcasm, but I have to accpet... this game will be the best in the whole saga, from the looks of it atleast.","{""label"":""sarcastic"",""explanation"":""Claim contains a contradiction where the speaker initially implies they would call something 'original' sarcastically, but then accepts it as genuine. The use of 'atleast' in the last sentence further suggests a sarcastic tone.""}",True
56,"This just in, Saudi Arabia isn't really an ally and trusting them is leading us down the road of ruin in the ME.","{""label"":""sarcastic"",""explanation"":""The claim is sarcastic as it presents a statement that is generally understood to be true (Saudi Arabia is not an ally) as if it were a surprising or unexpected revelation, and implies that trusting them is a negative action leading to ruin.""}",True
57,Am I missing something?,"{""label"":""sarcastic"",""explanation"":""The phrase 'Am I missing something?' is often used in a sarcastic context to express frustration or disbelief, especially when the speaker believes the answer to a question should be obvious or well-known.""}",True
58,But.. But reddit said that Ukrainian government is the best and they are sooo much better than Russia and they are like angels and stuff... I thought reddit tells only the truth,"{""label"":""sarcastic"",""explanation"":""Claim contradicts the positive sentiment usually associated with the claim that 'reddit said' something, and the use of 'I thought reddit tells only the truth' implies a skeptical or sarcastic tone.""}",True
59,See libertarians see this is why we need public radio!,"{""label"":""sarcastic"",""explanation"":""The claim suggests that libertarians, who are often associated with opposing public funding, are now advocating for public radio. This implies a contradiction, which is a common sarcastic trope.""}",True
60,So you are saying I can fight global warming by sequestering CO^2 through cookies?,"{""label"":""sarcastic"",""explanation"":""Claim suggests an unrealistic and humorous solution to a serious environmental issue""}",True
61,Completely deserved.,"{""label"":""sarcastic"",""explanation"":""Claim is sarcastic as 'completely deserved' often implies an overexaggeration or sarcasm, especially when no context is provided to suggest otherwise.""}",True
62,CHAV AS FUCK,"{""label"":""sarcastic"",""explanation"":""The term 'CHAV' is often used in a derogatory and sarcastic manner, implying a certain stereotype. The use of 'AS FUCK' further supports this interpretation as it is commonly used in informal speech to emphasize a strong opinion or attitude, often in a sarcastic or ironic context.""}",True
63,"Hey, wait a sec... Who cares about this data retention bs, he was speeding!","{""label"":""sarcastic"",""explanation"":""The claim contradicts the stated concern about data retention, implying a disregard for it, which is a common sarcastic trope.""}",True
64,A lot of the lower end donations are still higher than what I'll make in a year.,"{""label"":""sarcastic"",""explanation"":""The claim implies that the donations are significant compared to the speaker's annual income, which is an ironic or sarcastic statement if the speaker's income is indeed low.""}",True
65,Most of my friends dissaprove,"{""label"":""sarcastic"",""explanation"":""Claim is sarcastic as 'disapprove' implies a negative sentiment, and using 'most' of friends suggests a majority, which is unlikely to be the case in a normal social circle.""}",True
66,The Firebombing will continue until morale improves and Light the Fuse takes its rightful place at the top of the meta.,"{""label"":""sarcastic"",""explanation"":""The claim suggests a causal relationship between the continuation of firebombing and the improvement of morale, which is an unconventional and humorous perspective.""}",True
67,"Lol, my state can do some crazy shit sometimes.","{""label"":""sarcastic"",""explanation"":""The use of 'Lol' and the phrase 'can do some crazy shit' suggest a sarcastic tone, as the speaker is likely exaggerating the 'crazy' nature of their state's actions.""}",True
68,Mittens R-money,"{""label"":""sarcastic"",""explanation"":""The use of the term 'R-money' is not commonly associated with cats or pets, suggesting a playful, sarcastic comment on the wealth of the cat named Mittens.""}",True
69,welp thats enough of this trash,"{""label"":""sarcastic"",""explanation"":""The use of 'welp' and 'that's enough' suggests a tone of frustration or annoyance, which is often associated with sarcasm. The word 'trash' further supports this interpretation as it is a negative term that could be used sarcastically to imply the opposite of what is actually meant, in this case, that the subject is not trash but valuable or enjoyable.""}",True
70,"Aren't you late for your cross burning, Adolf?","{""label"":""sarcastic"",""explanation"":""Claim uses derogatory language and a reference to a historical event associated with hate speech, suggesting a sarcastic tone.""}",True
71,\#NotOP#NotOP#NotOP#NotOP#NotOP#NotOP#NotOP#NotOP#NotOP,"{""label"":""sarcastic"",""explanation"":""Hashtag repetition and the use of '#NotOP#' suggests a sarcastic comment, as it mimics a common format for promoting a hashtag, but in this case, the hashtag is not promoting anything of substance.""}",True
72,His summoner name is C9 KingKiller and it's Plat 1,"{""label"":""sarcastic"",""explanation"":""The claimant's statement implies that a player with the summoner name 'C9 KingKiller' is in Plat 1, which is an unexpectedly high rank for a player with such a boastful name, suggesting sarcasm.""}",True
73,No candidates lose their right to vote.,"{""label"":""literal"",""explanation"":""The claim states that no candidates lose their right to vote, which is a literal statement as it refers to a legal right that cannot be taken away.""}",True
74,Brian Hoyer,"{""label"":""literal"",""explanation"":""The claim 'Brian Hoyer' is a literal statement of a person's name, which does not inherently imply sarcasm.""}",True
75,He didn't come out so much as he was outed by a dumb news reporter,"{""label"":""sarcastic"",""explanation"":""The use of 'outed' implies an unintentional revelation, suggesting a negative connotation towards the reporter. The phrase 'didn't come out' is often used in a context where someone is openly acknowledging their identity, which is not the case here. The claim is sarcastically implying that the reporter intentionally 'outed' the individual, when in reality, the reporter was simply reporting the truth.""",False
76,wait nevermind i know what this is,"{""label"":""sarcastic"",""explanation"":""The phrase 'nevermind i know what this is' suggests a change of mind or realization, which is often used sarcastically to imply the opposite of what is being said.""}",True
77,"On the backside, most small business sales have a non compete clause so that someone doesn't create a successful startup, sale it, and then create a competitor knowing everything there is to know about the business they just sold which is now their rival.","{""label"":""sarcastic"",""explanation"":""The statement suggests that the purpose of a non-compete clause is to prevent the sale of a small business, which is counterintuitive to the typical purpose of such clauses.""}",True
78,Clevs looks like he really wants to be there.,"{""label"":""sarcastic"",""explanation"":""Claim implies a strong desire, but Clevs' body language or tone might suggest otherwise, indicating sarcasm.""}",True
79,The American economy must be in a really good state if they can just waste 1 billion dollars worth of anything.,"{""label"":""sarcastic"",""explanation"":""The statement implies a negative connotation towards the 'waste' of money, suggesting a sarcasm about the economy's supposed prosperity.""}",True
80,"B-but if you remove the cervix, your intestines will fall out!","{""label"":""sarcastic"",""explanation"":""Claim is sarcastic as it is medically inaccurate and hyperbolic, implying that removing the cervix would cause the intestines to fall out.""}",True
81,Gotta find that resultant velocity using physics.,"{""label"":""sarcastic"",""explanation"":""The phrase 'Gotta find that resultant velocity using physics' is sarcastic because it implies a sense of difficulty or struggle in finding the resultant velocity, which is a common concept in physics and is not typically a difficult task for someone familiar with the subject.""}",True
82,They should also remove Towers of Doom because I don't like the map.,"{""label"":""sarcastic"",""explanation"":""Claim suggests a personal dislike for a specific map, implying a sarcastic tone as the speaker is not suggesting a general removal but a personal one""}",True
83,"There are no misplays at tournaments, only ""interesting lines","{""label"":""sarcastic"",""explanation"":""Claim uses the term 'interesting lines' instead of 'mistakes' or 'errors', which is a common sarcastic trope in sports commentary""}",True
84,And look and that fully automatic Glock assault rifle he's using!,"{""label"":""sarcastic"",""explanation"":""The claim uses hyperbole and an unexpected juxtaposition of a common, non-military item (Glock) with a military term (assault rifle), suggesting a sarcastic or ironic tone.""}",True
85,Do you even dab?,"{""label"":""sarcastic"",""explanation"":""The phrase 'Do you even dab?' is a sarcastic reference to a popular internet meme, implying that the person being addressed is out of touch or not up-to-date with current trends.""}",True
86,Or are we scouting a left winger who happens to be Dejan's brother?,"{""label"":""sarcastic"",""explanation"":""The claim suggests a coincidental connection between a left winger and Dejan's brother, implying a lack of seriousness or a sarcastic tone.""}",True
87,Someone put too much detergent in the washing machine again!,"{""label"":""sarcastic"",""explanation"":""Excessive detergent in a washing machine is unusual and the tone of the statement suggests frustration, indicating sarcasm.""}",True
88,I do totally care about pax,"{""label"":""sarcastic"",""explanation"":""Claim uses the word 'totally' in a sarcastic manner, implying the opposite of what is stated, suggesting the speaker does not care about 'pax'.""}",True
89,"But if the state is owned by the public(or polis), and you are a part of the public, then you own the state, but if you own the state and the state owns you then how can liberty, money, freedom, markets, capitalism, trade?","{""label"":""sarcastic"",""explanation"":""The claim presents a series of contradictions that suggest a rhetorical question, implying a sarcastic tone questioning the logic of the argument.""}",True
90,Miyamizu is Mitsuha's surname (last name),"{""label"":""literal"",""explanation"":""The claim states a fact about a character's surname, which suggests a literal interpretation.""}",True
91,"If they don't want to use NP links, should we not?","{""label"":""sarcastic"",""explanation"":""The question implies a presumed expectation that NP links are to be used, suggesting a sarcastic tone when suggesting the opposite.""}",True
92,Who better than to communicate with Trump on an equal level.,"{""label"":""sarcastic"",""explanation"":""The claim implies a level of equivalence between the speaker and Trump, which is unlikely and suggests sarcasm.""}",True
93,"But she has ""come-hither"" eyes-she should be stoned to death!","{""label"":""sarcastic"",""explanation"":""The claim uses hyperbole and a strong, negative tone, which are common in sarcasm. The statement suggests a severe punishment for a characteristic (having 'come-hither' eyes) that is not typically associated with a crime, indicating a sarcastic or ironic intent.""}",True
94,I'm sick and tired of people stealing discs and not calling numbers!,"{""label"":""sarcastic"",""explanation"":""The claim uses an exaggerated and frustrated tone, which is often indicative of sarcasm. Additionally, the claimant mentions 'discs' without specifying what they are, which could be another clue to the sarcasm.""}",True
95,Probably because of that strong showing by Kaine in the debate that convinced everyone he'd make a great President if anything happens to her.,"{""label"":""sarcastic"",""explanation"":""The statement implies a sarcastic tone as it suggests that Kaine's strong showing in the debate would make him a great President, implying that Hillary Clinton is not currently a great President, which contradicts the general consensus.""}",True
96,death penalty imho,"{""label"":""sarcastic"",""explanation"":""The abbreviation 'imho' (in my humble opinion) often implies a sarcastic or ironic tone, especially when used in casual contexts. In this case, the claim 'death penalty imho' could be interpreted as a sarcastic comment on the idea of the death penalty, rather than a literal endorsement.""}",True
97,Yo does anyone know when they gonna get released?,"{""label"":""sarcastic"",""explanation"":""The use of 'Yo' and informal language, along with the question structure, suggests a sarcastic tone.""}",True
98,dont feed the troll guys downvote and walk away,"{""label"":""sarcastic"",""explanation"":""The claim suggests discouraging interaction with 'trolls' by downvoting and walking away, which is typically not a serious or constructive approach when dealing with online trolls, implying a sarcastic tone.""}",True
99,Bummer for what was otherwise a relatively healthy team,"{""label"":""sarcastic"",""explanation"":""The phrase 'Bummer for what was otherwise a relatively healthy team' is sarcastic because it implies a negative outcome despite the team being healthy, suggesting a disappointment or irony.""}",True
100,Jeez this paper needs an editor.,"{""label"":""sarcastic"",""explanation"":""The use of 'jeez' and the tone of the statement suggest a sarcastic comment about the need for an editor, rather than a literal statement of fact.""}",True
101,"Yeah game is hard, dont check your debuff, look away, die... That's next level difficulty for sure","{""label"":""sarcastic"",""explanation"":""Claim uses hyperbolic language and sarcasm to express frustration, suggesting the opposite of what is intended: the game is not difficult, but rather the opposite, as the debuff should be checked to avoid death.""}",True
102,"But, but, the fraudsters are so good they never get caught!","{""label"":""sarcastic"",""explanation"":""Claim implies a contradiction, as fraudsters being 'so good' would typically mean they avoid detection, but the statement suggests they are always caught""}",True
103,"...aaaahnnddd that, folks, is how it works.","{""label"":""sarcastic"",""explanation"":""The use of 'folks' and the tone of the statement suggest a sarcastic or mocking tone, as if the speaker is simplifying a complex process to an extreme degree for comedic effect.""}",True
104,It's the little details :3,"{""label"":""sarcastic"",""explanation"":""The use of the emoticon ':3' and the phrase 'It's the little details' suggests a sarcastic tone, as the claim implies that the 'little details' are significant or important, which is often used sarcastically to indicate the opposite.""}",True
105,NA Spray confirmed.,"{""label"":""sarcastic"",""explanation"":""Claim is sarcastic as 'NA Spray' is not a known product or substance, and the phrase 'confirmed' implies a serious or official announcement, which is not the case.""}",True
106,"Don't these silly workers realize that if they demand bathroom breaks, their jobs are just going to be automated more to make up for the additional cost?","{""label"":""sarcastic"",""explanation"":""The claim implies a negative attitude towards workers demanding bathroom breaks, suggesting that automation is a desirable solution to the perceived problem, which is a common sarcastic trope.""}",True
107,I really wish my mum would stop complaining when I call her that.,"{""label"":""sarcastic"",""explanation"":""The claim expresses a desire for the speaker's mother to stop complaining, but the use of the phrase 'I really wish' and the tone of the statement suggest that the speaker may not genuinely want this, implying sarcasm.""}",True
108,Some states have actually criminalized ladies nights on the grounds that they are unconstitutional (which technically they are) but what evs.,"{""label"":""sarcastic"",""explanation"":""The claim uses colloquial language, slang ('what evs'), and a dismissive tone, suggesting a sarcastic interpretation of the claim that some states have criminalized ladies nights as unconstitutional.""}",True
109,Obviously she was protecting herself,"{""label"":""sarcastic"",""explanation"":""Claim implies a level of irony or sarcasm, as the statement 'protecting herself' is not an obvious or expected response to a situation, suggesting the speaker is implying the opposite of what they are saying.""}",True
110,I could have sworn that beef's apron was a slice of pizza I love how Vech's is chasing a bat; that is SOO him,"{""label"":""sarcastic"",""explanation"":""Claim uses colloquial and humorous language, implying that beef is being mistaken for pizza and that 'Vech' is chasing a bat, which is not typical behavior for a person or animal, suggesting sarcasm.""}",True
111,"SetEnvIfNoCase User-Agent ^$ bad_bot SetEnvIfNoCase User-Agent ""^Curl"" bad_bot SetEnvIfNoCase User-Agent ""^Wget"" bad_bot SetEnvIfNoCase User-Agent ""^libwww-perl"" bad_bot Yeah, absolutely no problems will arise from blocking these.","{""label"":""sarcastic"",""explanation"":""Claim suggests blocking multiple common web scraping tools (Curl, Wget, libwww-perl) will not cause any problems, which is unlikely given their purpose.""}",True
112,I thought trolls weren't allowed in this sub how'd you get through,"{""label"":""sarcastic"",""explanation"":""The claim is sarcastic because the speaker is implying that the person they are addressing should not be in the subreddit, but they are there, suggesting they have somehow bypassed the rules or are a troll, despite the rules explicitly stating that trolls are not allowed.""}",True
113,"Cab Assaults, Hit and Runs, Robberies/Muggings etc..In the past week and a half that's a lot of crime news for Ottawa.","{""label"":""sarcastic"",""explanation"":""The claim's exaggerated and humorous tone, along with the listing of multiple types of crimes, suggests a sarcastic commentary on the high crime rate in Ottawa.""}",True
114,i reported this to the mods because of the confederate flag.,"{""label"":""sarcastic"",""explanation"":""The claim is sarcastic because the use of the phrase 'reported this' and 'mods' implies a formal, rule-abiding context, which is ironic when referring to a symbol associated with rebellion and non-compliance, such as the Confederate flag.""}",True
115,I enjoy physically harming people I like!,"{""label"":""sarcastic"",""explanation"":""The claim is unlikely to be literal due to the explicit mention of 'physically harming' which is generally considered unacceptable and illegal in most societies. The use of the phrase 'I enjoy' in this context is often used sarcastically to express displeasure or disapproval.""}",True
116,Helllll yes,"{""label"":""sarcastic"",""explanation"":""Excessive use of 'Helllll yes' in a casual context often implies sarcasm or exaggeration, especially when the question or statement is not directly related to a positive or affirmative response.""}",True
117,And also one of the most disappointing,"{""label"":""sarcastic"",""explanation"":""The use of the word 'disappointing' in this context, without further qualification, often implies a negative but expected outcome, which is typically sarcastic.""}",True
118,pretty funny,"{""label"":""sarcastic"",""explanation"":""Claim is sarcastic as 'pretty funny' is often used to express something is not funny but ironically amusing or unexpected""}",True
119,"This reminds me of when a guy told me Trump wasn't racist because ""Muslim is a religion and Mexico is a country","{""label"":""sarcastic"",""explanation"":""The claim uses a superficial comparison between two different issues (religion vs country) to dismiss a complex and multifaceted issue (racism), which is a common sarcastic trope.""}",True
120,This was photoshopped I'm not believing,"{""label"":""sarcastic"",""explanation"":""Claimant implies they don't believe the image was photoshopped, but the phrase 'I'm not believing' suggests they are jokingly expressing disbelief, indicating sarcasm.""}",True
121,this should be the one cabinet post where trump actually knows a qualified person and yet... here we are,"{""label"":""sarcastic"",""explanation"":""Claim uses sarcasm by implying that despite the expectation of Trump knowing a qualified person for a cabinet post, the opposite is true, creating a humorous contradiction.""}",True
122,Those fucking terrorists with their FTP and private mail servers,"{""label"":""sarcastic"",""explanation"":""The use of derogatory language and the mention of outdated technologies (FTP and private mail servers) suggest a sarcastic tone.""}",True
123,No.,"{""label"":""sarcastic"",""explanation"":""The claim 'No.' is often used sarcastically to express agreement or approval in a negative or dismissive tone.""}",True
124,ITT: Triggered Bruins fans,"{""label"":""sarcastic"",""explanation"":""The claim 'ITT: Triggered Bruins fans' is sarcastic because it implies that the fans are easily upset or offended, which is often used in a humorous or mocking way.""}",True
125,Another day in Bronze V eh?,"{""label"":""sarcastic"",""explanation"":""The phrase 'Another day in Bronze V eh?' is often used sarcastically to express frustration or disappointment about being in a low-ranked league, implying a sense of being stuck or stagnant.""}",True
126,Someone's got a case of the scribbles.,"{""label"":""sarcastic"",""explanation"":""The phrase 'case of the scribbles' is often used sarcastically to imply that someone is disorganized or messy, but in a humorous or exaggerated way.""}",True
127,Well at least they'll have no problem finding another restaurant job with Paula Deen as a reference,"{""label"":""sarcastic"",""explanation"":""Claim implies a negative connotation towards Paula Deen, suggesting that her reference may be a hindrance rather than a help in finding another restaurant job, which is not typically the case for a positive reference.""}",True
128,possibly OpTic edition headset or something.,"{""label"":""sarcastic"",""explanation"":""The claim uses the term 'OpTic edition headset' in a casual, non-specific manner, which suggests a lack of seriousness or expectation about receiving a specific, high-end product.""}",True
129,I kinda hope the Patriots do win it all so they can drop this tired victim complex they've got going on.,"{""label"":""sarcastic"",""explanation"":""Claim expresses a hope that the Patriots win, but the use of 'tired victim complex' suggests a criticism of the team's perceived attitude, implying sarcasm.""}",True
130,gunnitbot better pictures,"{""label"":""sarcastic"",""explanation"":""The phrase 'gunnitbot better pictures' is sarcastic because 'gunnitbot' is a bot on a specific online community (r/gunnit) known for discussing firearms, and the request for 'better pictures' implies that the current pictures are not good enough, which is often used sarcastically to express frustration or disappointment.""}",True
131,As an Eagles fan I am quite against Saban going to the Giants,"{""label"":""sarcastic"",""explanation"":""The claim suggests a strong dislike for Saban going to the Giants, which is unexpected for an Eagles fan, indicating sarcasm.""}",True
132,"I hope Slash's contract said ""No fat Axl","{""label"":""sarcastic"",""explanation"":""The statement implies a hope that Axl Rose, known for his weight issues, would not gain weight, which is unlikely to be a genuine hope but rather a sarcastic comment on his weight struggles.""}",True
133,ITT be with another man,"{""label"":""sarcastic"",""explanation"":""The phrase 'ITT be with another man' is a reference to the Star Wars character Obi-Wan Kenobi's famous line 'I am your father', suggesting a playful, sarcastic tone.""}",True
134,"Good GabeN, the puns!","{""label"":""sarcastic"",""explanation"":""The use of the phrase 'Good GabeN' and the exclamation 'the puns!' suggest a sarcastic tone, as 'GabeN' is a common term used in gaming communities and 'puns' are often associated with humor that can be seen as cheesy or overused.""}",True
135,Quit the game and get a life,"{""label"":""sarcastic"",""explanation"":""The statement suggests a strong criticism or mockery, which is typical of sarcasm. The phrase 'get a life' is often used sarcastically to imply that someone should find more meaningful or productive activities, rather than being involved in the current situation.""}",True
136,OP go get that cat spayed.,"{""label"":""sarcastic"",""explanation"":""Claim suggests a human is asking someone to perform a medical procedure on a cat, which is unlikely and implies sarcasm""}",True
137,Anyone got this without the caption?,"{""label"":""sarcastic"",""explanation"":""The question implies that the caption is necessary for understanding the image, suggesting a level of absurdity or sarcasm since captions are typically used to clarify, not to be essential for understanding the image itself.""}",True
138,I'm pretty sure you DO have to have something wrong with you mentally if you think being 600lbs is fine,"{""label"":""sarcastic"",""explanation"":""The claim uses a rhetorical question and a strong, negative statement to imply that the speaker disagrees with the idea that being 600lbs is fine, suggesting sarcasm.""}",True
139,Yeah I hate all those bandwagon Browns fans we have to deal with.,"{""label"":""sarcastic"",""explanation"":""The statement implies a negative sentiment towards the 'Browns fans,' which is often used sarcastically to express a positive sentiment or approval, as the speaker is likely a fan themselves.""}",True
140,5% on C rotation sure seems reasonable,"{""label"":""sarcastic"",""explanation"":""Claimant's use of the term 'reasonable' in the context of a 5% score on C rotation, which is typically a difficult exam, suggests sarcasm.""}",True
141,Why would you make this?,"{""label"":""sarcastic"",""explanation"":""The question implies a sense of surprise or disbelief, suggesting a sarcastic tone.""}",True
142,Who needs clean water when you can pay more per gallon of the bottled stuff.,"{""label"":""sarcastic"",""explanation"":""The claim suggests a preference for bottled water over clean water, which is uncommon and implies sarcasm.""}",True
143,Well this should fix all their problems.,"{""label"":""sarcastic"",""explanation"":""Claim is sarcastic as the speaker is implying that the solution offered is unlikely to resolve all the problems, often used in a humorous or ironic way.""}",True
144,Thanks for the paywall on Ranked mode!,"{""label"":""sarcastic"",""explanation"":""The statement is sarcastic because the speaker is expressing frustration or annoyance about the paywall, implying they expected it to be free.""}",True
145,It's now worth $12.,"{""label"":""sarcastic"",""explanation"":""Claim's monetary value is unrealistically low for most items, suggesting sarcasm""}",True
146,"I wonder if this means that the DVR viewership will be down for this episode, since in the first half that's where the ratings saw a large increase.","{""label"":""sarcastic"",""explanation"":""The statement suggests a potential decrease in viewership, but the increase in ratings was observed in the first half. This implies a sarcastic tone, as the speaker seems to be implying the opposite of what they are saying.""}",True
147,Hutch,"{""label"":""literal"",""explanation"":""The claim 'Hutch' does not provide any context or tone that suggests sarcasm. It is a simple name, likely referring to a person or a place.""}",True
148,"I know all her moves and she knows mine, that means I have the advantage","{""label"":""sarcastic"",""explanation"":""The claim suggests a level of familiarity and predictability that would typically imply an advantage, but in reality, such a situation could also indicate a balance or stalemate, which is often the opposite of an advantage.""}",True
149,Overpowered as fuck but maybe that's what Priest needs.,"{""label"":""sarcastic"",""explanation"":""The use of 'overpowered as fuck' and the qualifier 'maybe that's what Priest needs' suggests a sarcastic tone, as it implies that the item is excessively powerful, but the speaker is implying that the character 'Priest' might actually need this excessive power, which is unlikely.""}",True
150,What a fucking joke,"{""label"":""sarcastic"",""explanation"":""The phrase 'What a fucking joke' is commonly used in a sarcastic context to express strong disapproval or mockery, rather than a literal statement.""}",True
151,But Chads are hoarding all the females,"{""label"":""sarcastic"",""explanation"":""The claim uses a colloquial term ('Chads') and a hyperbolic statement ('hoarding all the females'), which are common elements in sarcasm.""}",True
152,Calvin Johnson,"{""label"":""literal"",""explanation"":""The claim 'Calvin Johnson' is a literal statement, as it refers to a specific person, who is a former American football player.""}",True
153,Comparing against two players doesn't really show a lot especially when you change the players your comparing against.,"{""label"":""sarcastic"",""explanation"":""The claim implies that comparing against different players would not significantly change the results, which is a common sarcastic trope in situations where the opposite is true.""}",True
154,That makes him smart.,"{""label"":""sarcastic"",""explanation"":""The statement 'That makes him smart.' is sarcastic because it implies the opposite of what is intended, suggesting that the action or event mentioned does not make someone intelligent, but rather the opposite.""}",True
155,"what is cheaper now, toilet paper or rubles ?","{""label"":""sarcastic"",""explanation"":""The claim compares two unrelated items, toilet paper and rubles, suggesting a possible humor or sarcasm.""}",True
156,Congrats and welcome to the team!,"{""label"":""sarcastic"",""explanation"":""The phrase 'Congrats and welcome to the team!' is typically used in a friendly, welcoming manner. However, in a sarcastic context, it could be used to express sarcasm towards someone who is not actually joining the team or is not deserving of the congratulations.""}",True
157,"States Rights not ""city rights"" States always know best, especially when it's Alabama.","{""label"":""sarcastic"",""explanation"":""The claim implies a contradiction between 'city rights' and 'States Rights', suggesting a sarcastic tone towards the idea that cities might have rights independent of states, and the statement 'especially when it's Alabama' further supports this interpretation as it implies a generalization about Alabama that may not be accurate or fair.""}",True
158,**M**emory leak,"{""label"":""sarcastic"",""explanation"":""The term 'memory leak' is often used humorously to describe a situation where something is not functioning as intended, but not in a technical sense.""}",True
159,So is this how they are trying to be more advertiser friendly?,"{""label"":""sarcastic"",""explanation"":""The claim is sarcastic because the phrase 'advertiser friendly' is often used in a negative context when media platforms censor or modify content to avoid offending advertisers.""}",True
160,Its nice to hear you talk some sense for a change.,"{""label"":""sarcastic"",""explanation"":""The statement is sarcastic because it implies that the speaker rarely talks sense, and the use of 'for a change' suggests a surprise or unexpected occurrence of the opposite of the norm.""}",True
161,I was hoping this was that video where the guy carries the lady out and uses her head to push the door open.,"{""label"":""sarcastic"",""explanation"":""The claim is sarcastic because it's unlikely that someone would hope for a violent or dangerous situation, such as being carried out and having their head used to open a door.""}",True
162,"Yes, because nazi germany was far more worse than the ussr.","{""label"":""sarcastic"",""explanation"":""Claim compares two historical entities, Nazi Germany and the USSR, implying that one (Nazi Germany) was worse than the other (USSR), which is a sarcastic commentary on the current political climate or a specific context where the speaker is criticizing a statement or action that is being compared unfavorably to a historically oppressive regime.""}",True
163,"Fuck you, John, you never did any of that shit and you complained just like we did.","{""label"":""sarcastic"",""explanation"":""The claim contains a derogatory tone and the use of profanity, which are common in sarcasm. Additionally, the claim contradicts the implied action ('did any of that shit') with the subsequent complaint, suggesting a sarcastic comment on the speaker's own complaint.""}",True
164,"Is it junction city, Kansas?","{""label"":""sarcastic"",""explanation"":""The question is phrased in a way that suggests the speaker might be expecting a different, more well-known location to be mentioned, implying sarcasm.""}",True
165,"To be fair once slavery ended, everyone got rights and all the racists disappeared.","{""label"":""sarcastic"",""explanation"":""The statement implies that the end of slavery led to an immediate disappearance of racists, which is not historically accurate or realistic.""}",True
166,Why does southern Morocco have its own flag?,"{""label"":""sarcastic"",""explanation"":""The question implies a surprising or unexpected fact, suggesting a sarcastic tone.""}",True
167,Wouldnt want someone innocent to catch the gay.,"{""label"":""sarcastic"",""explanation"":""The phrase 'Wouldnt want someone innocent to catch the gay' is sarcastic because it uses the phrase 'catch the gay' in a derogatory and humorous way, implying that being gay is a contagious or negative condition, which is not the case.""}",True
168,Nice of him to take his snout out of the trough long enough to squeal for the cameras.,"{""label"":""sarcastic"",""explanation"":""The use of sarcasm is indicated by the phrase 'take his snout out of the trough,' which is a derogatory reference to corruption or greed, and the phrase 'squeal for the cameras,' which implies hypocrisy or insincerity.""}",True
169,King vegeta did almost kill broly,"{""label"":""sarcastic"",""explanation"":""Claim suggests a character from a cartoon, King Vegeta, could kill another character, Broly, which is contrary to the nature of the characters and the plot of the series.""}",True
170,That's why there's,"{""label"":""sarcastic"",""explanation"":""The phrase 'That's why there's' is often used sarcastically to imply a lack of understanding or a need for an obvious solution.""}",True
171,bc literally everyone has them,"{""label"":""sarcastic"",""explanation"":""The use of the word 'literally' in this context is ironic, as the claim implies that everyone has something, which is not literally true. The phrase 'bc literally everyone has them' suggests a sarcastic tone.""}",True
172,"ITT: People freaking out over the price tag.. Yeah, because it's not like these will drop in price ever","{""label"":""sarcastic"",""explanation"":""The claim is sarcastic because the speaker is implying that the price of the items in question will not decrease, despite the implication that people are 'freaking out' over the price tag, suggesting they expect a decrease.""}",True
173,But but but there is no such thing as kill stealing,"{""label"":""sarcastic"",""explanation"":""The claim is sarcastic as it directly contradicts the common understanding that kill stealing exists in multiplayer games, implying that the speaker acknowledges its existence but denies it in a humorous or mocking manner.""}",True
174,But that would put guys in the 'friend zone'.,"{""label"":""sarcastic"",""explanation"":""The claim suggests a negative connotation towards being in the 'friend zone', implying a social construct that is not taken seriously, indicating sarcasm.""}",True
175,Salt for days.,"{""label"":""sarcastic"",""explanation"":""Claim exceeds the common usage of 'salt for days' in a literal context, suggesting an excessive amount, which is often used humorously or sarcastically.""}",True
176,user reports: 1: False and/or grossly misleading bullshit Language fail.,"{""label"":""sarcastic"",""explanation"":""The claim uses strong, derogatory language and the phrase 'Language fail' suggests a sarcastic comment on poor language skills, rather than a literal assessment of the claim's content.""}",True
177,I'm so sick of the fucking media twisting everyone's words!,"{""label"":""sarcastic"",""explanation"":""The use of the phrase 'so sick' and the expletive 'fucking' suggest a tone of frustration or annoyance, which is often associated with sarcasm. Additionally, the claim implies that the media is intentionally misrepresenting people's words, which is a common sarcastic trope.""}",True
178,But only if you're single.,"{""label"":""sarcastic"",""explanation"":""The claim implies a contradiction, as the condition ('only if you're single') seems to exclude everyone except singles, but the statement itself is not exclusive to singles.""}",True
179,Tell Israel to stop carpet bombing Aleppo.,"{""label"":""sarcastic"",""explanation"":""The claim suggests a directive to Israel, a nation not currently involved in the Syrian conflict, to stop an action (carpet bombing) that is disproportionate to its role or capabilities in the region.""}",True
180,"Ha ha ha good one, Charlie.","{""label"":""sarcastic"",""explanation"":""The use of laughter and the phrase 'good one' in a response to a claim typically indicates sarcasm, as it contradicts the expected seriousness of the situation.""}",True
181,I believe it was made on the RAGE engine.,"{""label"":""sarcastic"",""explanation"":""The claim is sarcastic because the RAGE engine was infamous for its technical issues and poor performance, so stating that something was 'made' on it could be seen as sarcastic, implying that it was not made well or smoothly.""}",True
182,Now call Comcast and tell them my internet is slow.,"{""label"":""sarcastic"",""explanation"":""The statement suggests a common complaint about slow internet, but the command to 'call Comcast' implies a lack of seriousness or expectation that the action will resolve the issue, indicating sarcasm.""}",True
183,Is that a shot at Save us from the Archon style song names as well?,"{""label"":""sarcastic"",""explanation"":""The question implies a criticism towards the claimant for suggesting that the song names should also be saved, implying that the claimant is already aware of the song names and is thus being sarcastic.""}",True
184,"I personally wish he'd show some more pizazz in his celebrations, but I know that's not his style.","{""label"":""sarcastic"",""explanation"":""Claim expresses a wish for more excitement in celebrations, but acknowledges it's not the person's style, implying the speaker may find the lack of pizazz disappointing but expects it""}",True
185,Your insecurity speaks,"{""label"":""sarcastic"",""explanation"":""The claim 'Your insecurity speaks' is likely sarcastic as it implies the speaker is pointing out the interlocutor's insecurity in a mocking or ironic manner.""}",True
186,please tell me that its just,"{""label"":""sarcastic"",""explanation"":""The phrase 'please tell me that its just' is often used in a sarcastic context to express frustration or disbelief, as it implies that the speaker expects the listener to know that something is trivial or insignificant.""}",True
187,Thank you lord!,"{""label"":""sarcastic"",""explanation"":""Exclamation 'Thank you lord!' is often used in a sarcastic or ironic manner, not typically expressing genuine gratitude to a deity.""}",True
188,How does one even going about becoming an elector?,"{""label"":""sarcastic"",""explanation"":""The claim uses the phrase 'going about' which is often used in a sarcastic context to imply that the task is difficult or confusing, and the question is asking about a specific process (becoming an elector) which might be perceived as complex or obscure.""}",True
189,ehaehaehaehaehaha le maymay,"{""label"":""sarcastic"",""explanation"":""Claim consists of repeated laughter emojis and nonsensical words, suggesting a sarcastic or joking tone""}",True
190,Words fail me,"{""label"":""sarcastic"",""explanation"":""The phrase 'Words fail me' is often used sarcastically to indicate that the speaker is struggling to find the right words to express something, but in reality, they have plenty to say.""}",True
191,"But please, let's keep talking about how she didn't endorse Bernie and how she doesn't deserve any respect.","{""label"":""sarcastic"",""explanation"":""The claim is sarcastic as it implies criticism towards the speaker's request to continue discussing the subject, while also implying that the person being discussed (she) does not deserve respect.""}",True
192,"idk maybe (theo,chasun,woosa) and (orion,ritesh,perna) for GWD and (Vanessa,Orion,Perna,Ritesh) for AD","{""label"":""sarcastic"",""explanation"":""Claim suggests an unconventional and excessive team composition for GWD and AD, implying the speaker may not have a serious or well-thought-out strategy.""}",True
193,What should we do?,"{""label"":""sarcastic"",""explanation"":""The question 'What should we do?' is often used in a sarcastic context when the speaker expects the listener to know the answer or when the question is rhetorical.""}",True
194,He likes repulsive skanks?,"{""label"":""sarcastic"",""explanation"":""The use of the word 'repulsive' and 'skanks' in a negative context, along with the question structure, suggests sarcasm.""}",True
195,Are you complaining that you didn't get ECTO GREEN Greatest Hits?,"{""label"":""sarcastic"",""explanation"":""The question is phrased in a way that suggests the speaker is aware of the interlocutor's potential dissatisfaction, implying sarcasm.""}",True
196,"Well, he would know.","{""label"":""sarcastic"",""explanation"":""Claim implies a level of certainty or assumption that may not be warranted, often used in sarcasm to express the opposite of what is stated.""}",True
197,"For every person being queued against a deck that counters them, another person is queued against a deck they counter.","{""label"":""sarcastic"",""explanation"":""The statement implies that for every person who faces a counter to their strategy, another person faces a counter to their counter-strategy, which is an unlikely scenario in most competitive situations.""}",True
198,"man, I kinda wish I updated to windows 10 now... Here's hoping for a windows 8.1 version to come out XD","{""label"":""sarcastic"",""explanation"":""Claim expresses a desire for an outdated version of Windows, followed by a laughing emoji, suggesting sarcasm towards the idea of wanting an older version of an operating system""}",True
199,"Oh boy, fanfiction.","{""label"":""sarcastic"",""explanation"":""The phrase 'Oh boy, fanfiction.' is often used sarcastically to express disapproval or mockery towards something that is perceived as unoriginal or overly imaginative, in this case, fanfiction.""}",True
